question,n_human,n_llm,length_logreg,length_gbm,style7_logreg,style7_gbm,stylo_logreg,stylo_gbm,style7_logreg_CI,stylo_logreg_CI,style7_perm_p
Q1,39,39,1.0,1.0,1.0,1.0,1.0,1.0,"[1.00,1.00]","[1.00,1.00]",0.003
Q2,34,34,1.0,1.0,1.0,1.0,0.996,1.0,"[1.00,1.00]","[0.98,1.00]",0.003
Q3,64,64,1.0,1.0,0.999,1.0,1.0,1.0,"[1.00,1.00]","[1.00,1.00]",0.003
Q4,63,63,1.0,1.0,1.0,1.0,1.0,1.0,"[1.00,1.00]","[1.00,1.00]",0.003
Q5,48,48,1.0,0.983,1.0,0.983,0.992,0.925,"[1.00,1.00]","[0.98,1.00]",0.003
Q6,44,44,1.0,1.0,1.0,1.0,0.979,0.999,"[1.00,1.00]","[0.95,1.00]",0.003
Q7,50,50,1.0,1.0,0.998,1.0,1.0,0.964,"[0.99,1.00]","[1.00,1.00]",0.003
Q8,48,48,1.0,1.0,1.0,1.0,0.954,1.0,"[1.00,1.00]","[0.89,1.00]",0.003
Q9,31,31,1.0,1.0,1.0,1.0,1.0,0.896,"[1.00,1.00]","[1.00,1.00]",0.003
